ISBN,도서명,출판사,저자,발행일,가격,
'9791162540770,데스 바이 아마존,비즈니스북스,시로타 마코토,2019-04-15,15000,
'9791188850549,4주 만에 완성하는 레깅스핏 스트레칭,북라이프,모리 다쿠로,2019-04-11,13000,
'9791188850518,왕이 된 남자 2,북라이프,김선덕,2019-04-10,14000,
'9791188850501,왕이 된 남자 1,북라이프,김선덕,2019-04-10,14000,
'9791162540756,새벽에 읽는 유대인 인생 특강,비즈니스북스,장대은,2019-04-10,15000,
'9791188850471,왕이 된 남자 포토에세이,북라이프,스튜디오 드래곤,2019-04-10,25000,
'9791162540732,오토노미 제2의 이동 혁명,비즈니스북스,로렌스 번스 -  크리스토퍼 슐건,2019-03-31,22000,
'9791162540718,쓴다 쓴다 쓰는 대로 된다,비즈니스북스,후루카와 다케시,2019-03-30,13000,
'9791162540695,머니패턴,비즈니스북스,이요셉 -  김채송화,2019-03-25,15000,
'9791162540671,1日 1行의 기적,비즈니스북스,유근용,2019-03-20,13800,
'9791188850440,오늘도 울컥하고 말았습니다,북라이프,정민지,2019-03-15,13800,
'9791188850426,엘리트 제국의 몰락,북라이프,미하엘 하르트만,2019-02-27,16800,
'9791162540640,아주 작은 습관의 힘,비즈니스북스,제임스 클리어,2019-02-26,16000,
'9791186805398,그릿 GRIT(100쇄 기념 리커버 에디션),비즈니스북스,앤절라 더크워스,2019-02-20,16000,
'9791162540619,일단 오늘 한 줄 써봅시다,비즈니스북스,김민태,2019-02-15,14000,
'9791162540596,뉴파워 - 새로운 권력의 탄생,비즈니스북스,제러미 하이먼즈 -  헨리 팀스,2019-01-30,18000,
'9791188850402,잊지 않고 남겨두길 잘했어,북라이프,이유미,2019-01-29,13500,
'9791188850389,아이의 뇌에 상처 입히는 부모들,북라이프,도모다 아케미,2019-01-28,13800,
'9791162540572,어떻게 팔지 답답할 때 읽는 마케팅 책,비즈니스북스,리처드 쇼튼,2019-01-18,15000,
'9791162540558,서른과 마흔 사이 나를 되돌아볼 시간,비즈니스북스,미리암 프리스,2019-01-10,15800,
'9791188850365,먹고사는 게 전부가 아닌 날도 있어서,북라이프,노지양,2018-12-25,13500,
'9791188850341,선생님 -  저 우울증인가요?,북라이프,오카다 다카시,2018-12-20,14800,
'9791162540527,관계의 품격,비즈니스북스,오노코로 신페이,2018-12-15,13500,
'9791188850327,백년 두뇌,북라이프,하세가와 요시야,2018-11-29,14000,
'9791162540503,세계미래보고서 2019,비즈니스북스,박영숙 -  제롬 글렌,2018-11-24,16500,
'9791188850303,진정한 나로 살아갈 용기,북라이프,브레네 브라운,2018-11-23,13500,
'9791188850280,반려견 증상 상식 사전,북라이프,김보윤,2018-11-15,14800,
'9791188850266,나를 사랑하는 일에 서툰 당신에게,북라이프,안정현(마음달),2018-10-31,14000,
'9791162540480,대한민국 주식투자자를 위한 완벽한 재무제표 읽기,비즈니스북스,이강연,2018-10-30,20000,
'9791162540466,하워드 막스 투자와 마켓 사이클의 법칙,비즈니스북스,하워드 막스(Howard Marks),2018-10-29,18000,
'9791188850 24,어른에게도 어른이 필요하다,북라이프,박산호,2018-10-25,13000,
'9791162540442,나는 왜 마음이 피로할까?,비즈니스북스,천옌이,2018-10-15,13500,
'9791162540404,일본 최고의 대부호에게 배우는 돈을 부르는 말버릇,비즈니스북스,미야모토 마유미,2018-09-28,13500,
'9791188850228,사물의 중력,북라이프,이숙명,2018-09-20,13500,
'9791162540381,10년 동안 적금밖에 모르던 39세 김 과장은 어떻게 1년 만에 부동산 천재가 됐을까?,비즈니스북스,김재수(렘군),2018-09-15,16800,
'9791188850204,이 문제 풀 수 있겠어?,북라이프,알렉스 벨로스(Alex Bellos),2018-08-31,16800,
'9791162540367,나는 왜 사람들에게 상처받을까,비즈니스북스,네모토 히로유키,2018-08-30,13500,
'9791188850181,기적의 장 스트레칭,북라이프,오노 사키,2018-08-25,13000,
'9791162540343,미루는 습관을 이기는 작은 책,비즈니스북스,페트르 루드비크,2018-08-24,16000,
'9791162540329,하마터면 남들처럼 살 뻔했다,비즈니스북스,송혜진,2018-08-15,15000,
'9791162540305,쓸데없는 말 한마디 안 했을 뿐인데,비즈니스북스,오타니 게이,2018-07-31,13500,
'9791188850167,하루의 취향,북라이프,김민철,2018-07-25,13500,
'9791162540237,최고의 변화는 어디서 시작되는가,비즈니스북스,벤저민 하디,2018-07-14,14800,
'9791188850143,여행자의 밤,북라이프,장은정,2018-06-30,13500,
'9791162540275,나는 매일 책을 읽기로 했다,비즈니스북스,김범준,2018-06-29,13000,
'9791162540251,나 혼자 벌어서 산다,비즈니스북스,정은길,2018-06-25,14000,
'9791188850129,요가 매트만큼의 세계,북라이프,이아림,2018-06-20,12500,
'9791188850105,인생은 고양이처럼,북라이프,아방(신혜원),2018-05-29,13500,
'9791162540206,불편한 사람과 편하게 대화하는 법,비즈니스북스,고니시 미호,2018-05-28,13000,
'9791162540183,27년 동안 영어 공부에 실패했던 39세 김과장은 어떻게 3개월 만에 영어 천재가 됐을까,비즈니스북스,김영익,2018-05-24,14000,
'9791162540169,유튜브의 신(神),비즈니스북스,대도서관,2018-05-10,14000,
'9791162540145,플랫폼 제국의 미래,비즈니스북스,스콧 갤러웨이,2018-04-30,18000,
'9791162540121,나는 직원 없이도 10억 번다,비즈니스북스,일레인 포펠트,2018-04-23,15000,
'9791188850082,체간 리셋 다이어트,북라이프,사쿠마 겐이치,2018-04-16,12800,
'9791188850068,찻잔 속 물리학,북라이프,헬렌 체르스키,2018-03-31,16800,
'9791162540091,나의 슬기로운 감정생활,비즈니스북스,이동환,2018-03-30,14000,
'9791188850044,5분 스탠딩 건강법,북라이프,오카 고이치로,2018-03-28,13500,
'9791162540077,4차 산업혁명 그 이후 미래의 지배자들,비즈니스북스,최은수,2018-03-23,16000,
'9791188850020,괜찮은 척은 그만두겠습니다,북라이프,한재원,2018-02-28,13000,
'9791162540053,미래를 읽는 기술,비즈니스북스,이동우,2018-02-26,16000,
'9791162540039,한국이 소멸한다,비즈니스북스,전영수,2018-02-10,16000,
'9791188850006,밥벌이로써의 글쓰기,북라이프,록산 게이 외/만줄라 마틴 엮음,2018-02-10,18000,
'9791162540015,결국 성공하는 사람들의 사소한 차이,비즈니스북스,이와타 마쓰오,2018-01-25,14000,
'9791185459981,시간의 탄생,북라이프,알렉산더 데만트,2018-01-15,32000,
'9791186805992,블루오션 시프트,비즈니스북스,김위찬 -  르네 마보안,2017-12-30,20000,
'9791186805978,어린이를 위한 그릿,비즈니스북스,전지은,2017-12-21,12000,
'9791185459967,일 따위를 삶의 보람으로 삼지 마라,북라이프,이즈미야 간지,2017-12-20,13000,
'9791185459943,이 삶을 사랑하지 않을 이유가 없다,북라이프,니나 리그스,2017-11-30,14000,
'9791186805930,다시 일어서는 힘,비즈니스북스,존 맥스웰,2017-11-29,15000,
'9791186805916,그들은 책 어디에 밑줄을 긋는가,비즈니스북스,도이 에이지,2017-11-25,13000,
'9791185459936,그림책에 마음을 묻다,북라이프,최혜진,2017-11-02,16000,
'9791185459912,스탠퍼드식 최고의 수면법,북라이프,니시노 세이지,2017-10-31,14000,
'9791186805886,나는 돈이 없어도 사업을 한다,비즈니스북스,프레이저 도허티,2017-10-30,15000,
'9791185459899,클래식 수업,북라이프,김주영,2017-10-26,18000,
'9791186805862,사주 경영학,비즈니스북스,김원,2017-10-25,16000,
'9791185459875,나는 스쿨버스 운전사입니다,북라이프,크레이그 데이비드슨,2017-09-30,13800,
'9791186805848,메모의 재발견,비즈니스북스,사이토 다카시,2017-09-30,13000,
'9791186805831,지성만이 무기다,비즈니스북스,시라토리 하루히코,2017-09-25,14000,
'9791185459851,느링느링 해피엔딩,북라이프,볼프 퀴퍼,2017-08-31,14500,
'9791186805817,세일즈 -  말부터 바꿔라,비즈니스북스,황현진,2017-08-25,16000,
'9791186805794,하버드 마지막 강의,비즈니스북스,제임스 라이언,2017-08-21,12500,
'9791186805770,말이 무기다,비즈니스북스,우메다 사토시,2017-07-31,13000,
'9791185459837,내가 걸어서 여행하는 이유,북라이프,올리비에 블레이즈,2017-07-21,13500,
'9791186805756,일이 빠른 사람은 보이지 않는 곳에서 무엇을 할까,비즈니스북스,기베 도모유키,2017-07-20,13000,
'9791185459813,친절한 여성 호르몬 교과서,북라이프,구로즈미 사오리 -  사다 세쓰코,2017-06-30,13500,
'9791186805732,나는 왜 작은 일에도 상처받을까,비즈니스북스,다장쥔궈,2017-06-26,14500,
'9791185459790,혼자서 완전하게,북라이프,이숙명,2017-06-16,13500,
'9791186805718,일자리 혁명 2030,비즈니스북스,박영숙 -  제롬 글렌,2017-06-15,15000,
'9791186805695,하루 한 장 리스트의 힘,비즈니스북스,가오위안,2017-05-31,15000,
'9791186805671,글로벌 투자 전쟁,비즈니스북스,영주 닐슨,2017-05-26,16000,
'9791185459769,그녀가 달리는 완벽한 방법,북라이프,카트리나 멘지스 파이크,2017-05-25,15000,
'9791185459745,침묵의 예술,북라이프,알랭 코르뱅,2017-04-28,14000,
'9791186805657,포텐셜(Potential),비즈니스북스,데이브 알레드,2017-04-28,14000,
'9791186805633,하루 30분의 힘,비즈니스북스,김범준,2017-04-20,12800,
'9791185459721,펭귄 블룸,북라이프,캐머런 블룸·브래들리 트레버 그리브,2017-04-15,15000,
'9791186805619,앞으로 5년 -  빚 없는 사람만이 살아남는다,비즈니스북스,백정선 -  김의수,2017-03-31,15000,
'9791185459707,무심하게 산다,북라이프,가쿠타 미쓰요,2017-03-25,12000,
'9791186805572,잘 모이는 공식,비즈니스북스,김경필,2017-03-15,14000,
'9791185459691,Let's Go! 라인프렌즈,북라이프,북라이프 편집팀,2017-03-10,12000,
'9791186805558,기적의 집중력,비즈니스북스,모리 겐지로,2017-02-28,12800,
'9791185459677,나는 착한 딸을 그만두기로 했다,북라이프,아사쿠라 마유미 -  노부타 사요코,2017-02-20,13000,
'9791186805534,아침 5시의 기적,비즈니스북스,제프 샌더스,2017-02-10,13000,
'9791186805510,10일 만에 끝내는 MBA,비즈니스북스,스티븐 실비거,2017-01-25,25000,
'9791185459653,모던 팝 스토리,북라이프,밥 스탠리,2016-12-26,32000,
'9791186805473,부자의 습관,비즈니스북스,가야 게이치,2016-12-20,13500,
'9791186805459,하버드 최강 공부법,비즈니스북스,이노마타 다케노리,2016-12-10,13000,
'9791185459639,수학자는 행운을 믿지 않는다,북라이프,애덤 쿠하르스키,2016-11-30,17500,
'9791186805435,나는 오늘부터 달라지기로 결심했다,비즈니스북스,그레첸 루빈,2016-11-25,14800,
'9791186805411,1등 스타트업의 비밀,비즈니스북스,션 아미라티,2016-11-15,16000,
'9791185459622,순간을 기록하다 for love,북라이프,알렉산드라 라인바르트,2016-10-31,12000,
'9791185459615,순간을 기록하다 for me,북라이프,데이비드 트리폴리나,2016-10-31,12000,
'9791186805398,그릿 GRIT,비즈니스북스,앤절라 더크워스,2016-10-25,16000,
'9791185459592,손으로 기억하고 싶은 사랑이 있다,북라이프,조선진,2016-10-15,13800,
'9791186805367,나는 직장에 다니면서 12개의 사업을 시작했다,비즈니스북스,패트릭 맥기니스,2016-09-30,15000,
'9791185459578,병의 90%는 걷기만 해도 낫는다,북라이프,나가오 가즈히로,2016-09-26,13500,
'9791186805343,회색 코뿔소가 온다,비즈니스북스,미셸 부커,2016-09-10,18000,
'9791185459554,고무보트를 타고 상어 잡는 법,북라이프,모르텐 스트뢰크스네스,2016-08-30,14000,
'9791186805329,나는 왜 괜찮은 아이디어가 없을까?,비즈니스북스,오상진,2016-08-25,14000,
'9791185459547,마스터 알고리즘,비즈니스북스,페드로 도밍고스,2016-07-30,22000,
'9791185459523,모든 요일의 여행,북라이프,김민철,2016-07-25,13500,
'9791185459509,누가 우리의 미래를 훔치는가,북라이프,마크 굿맨,2016-07-15,24000,
'9791185459493,명화가 내게 묻다,북라이프,최혜진,2016-06-30,16000,
'9791186805282,1만 시간의 재발견,비즈니스북스,안데르스 에릭슨 -  로버트 풀,2016-06-30,16000,
'9791185459479,스트레스에 강한 아이의 비밀,북라이프,스튜어트 쉥커 -  테레사 바커,2016-06-20,14500,
'9791185459455,기자의 글쓰기,북라이프,박종인,2016-05-31,15000,
'9791186805268,구글의 미래,비즈니스북스,토마스 슐츠,2016-05-30,15000,
'9791185459431,괴짜 물리학,북라이프,렛 얼레인,2016-04-30,16800,
'9791186805244,제로 시대,비즈니스북스,김남국,2016-04-25,14500,
'9791186805220,책을 읽는 사람만이 손에 넣는 것,비즈니스북스,후지하라 가즈히로,2016-04-15,14000,
'9791185459417,신의 이름은 자비입니다,북라이프,프란치스코 -  안드레아 토르니엘리,2016-03-31,12000,
'9791186805206,무엇을 버릴 것인가,비즈니스북스,유필화,2016-03-15,13800,
'9791186805183,볼드,비즈니스북스,피터 디아만디스 -  스티븐 코틀러,2016-02-29,16800,
'9791185459394,울지마 -  당신,북라이프,이용현,2016-02-27,13500,
'9791186805169,퓨처 스마트,비즈니스북스,제임스 캔턴,2016-01-30,19500,
'9791185459370,똑똑한 엄마는 서두르지 않는다,북라이프,제시카 레히,2016-01-20,14500,
'9791186805152,인터넷 플러스 혁명,비즈니스북스,마화텅 -  장샤오펑 외,2016-01-12,25000,
'9791185459356,마인드 체인지,북라이프,수전 그린필드,2015-12-31,22000,
'9791186805121,혁신의 대가들,비즈니스북스,카이 엥겔 -  비올레카 딜레아 -  스티븐 다이어 -  요헨 그라프,2015-12-21,14000,
'9791186805114,나는 단순하게 살기로 했다,비즈니스북스,사사키 후미오,2015-12-10,13800,
'9791186805091,인사이트 -  통찰의 힘,비즈니스북스,김철수,2015-11-30,14000,
'9791185459332,적기에 시작하는 결정적 미술놀이 60,북라이프,진 반트 헐,2015-11-20,16800,
'9791186805077,정반합,비즈니스북스,오윤희,2015-11-05,16000,
'9791186805053,짧고 굵은 고전 읽기,비즈니스북스,명로진,2015-10-30,15000,
'9791186805039,스타트업 바이블,비즈니스북스,빌 올렛,2015-10-24,22000,
'9791186805015,아직 나를 만나지 못한 나에게,비즈니스북스,변지영,2015-10-15,13800,
'9788997575992,잘 팔리는 공식,비즈니스북스,리오 메구루,2015-09-25,13500,
'9791185459318,스웨덴 엄마의 말하기 수업,북라이프,페트라 크란츠 린드그렌,2015-09-18,13800,
'9788997575978,크리에이터 코드,비즈니스북스,에이미 윌킨슨,2015-09-10,16000,
'9788997575947,경제학이 필요한 시간,비즈니스북스,한진수,2015-08-31,15000,
'9791185459295,나는 떠났다 그리고 자유를 배웠다,북라이프,마이케 빈네무트,2015-08-20,14500,
'9788997575923,인생의 중요한 순간에 다시 물어야 할 것들,비즈니스북스,존 맥스웰,2015-07-20,15800,
'9791185459271,모든 요일의 기록,북라이프,김민철,2015-07-10,13500,
'9791185459257,창조의 탄생,북라이프,케빈 애슈턴,2015-06-30,16800,
'9788997575893,인생에 가장 중요한 7인을 만나라,비즈니스북스,리웨이원,2015-06-25,15000,
'9791185459240,시간의 방,북라이프,송지혜,2015-06-10,12000,
'9788997575879,끝까지 해내는 힘,비즈니스북스,나카무라 슈지,2015-05-30,13000,
'9788997575473,세계 시장을 지배하는 작은 기업들은 어떤 생각을 할까,비즈니스북스,안자이 히로유키,2015-05-22,14000,
'9788997575466,은퇴 달력,비즈니스북스,유지송,2015-04-30,15000,
'9791185459097,반짝 반짝 나의 서른,북라이프,조선진,2015-04-25,13800,
'9788997575442,착한 경쟁,비즈니스북스,전옥표,2015-04-15,15000,
'9788997575435,나는 상처받지 않기로 했다,비즈니스북스,에이미 모린,2015-03-31,14000,
'9791185459080,숨은그림찾기,북라이프,박현웅,2015-03-20,13800,
'9788997575411,미래의 역습 -  낯선 세상이 온다,비즈니스북스,매튜 버로스,2015-02-13,16000,
'9788997575428,세계 최고의 인재들은 어떻게 기본을 실천할까,비즈니스북스,도쓰카 다카마사,2015-02-01,13000,
'9791185459073,떠나지 않으면 안 될 것 같아서,북라이프,이애경,2015-01-24,13000,
'9788997575398,스마트한 월급 관리의 법칙,비즈니스북스,김경필,2015-01-08,14000,
'9788997575404,나와 마주서는 용기,비즈니스북스,로버트 스티븐 캐플런,2015-01-01,13800,
'9791185459066,시간의 정원,북라이프,송지혜,2014-12-24,12000,
'9788997575367,전략의 역사 2,비즈니스북스,로렌스 프리드먼,2014-12-15,38000,
'9788997575350,전략의 역사 1,비즈니스북스,로렌스 프리드먼,2014-12-15,32000,
'9788997575336,습관의 재발견,비즈니스북스,스티븐 기즈,2014-11-20,13000,
'9788985459059,청춘을 달리다,북라이프,배순탁,2014-11-11,13500,
'9788997575329,왜 회사에서는 이상한 사람이 승진할까?,비즈니스북스,제프리 제임스,2014-10-30,13500,
'9788997575312,플래시 보이스,비즈니스북스,마이클 루이스,2014-10-10,16000,
'9791185459042,아이만 낳으면 엄마가 되는 줄 알았다,북라이프,파워 오브 맘스(Power of Moms),2014-09-30,14000,
'9791185459035,엄마 -  나를 지켜봐 주세요,북라이프,마그다 거버  -  앨리슨 존슨,2014-09-05,14000,
'9788997575305,세계를 움직이는 리더는 어떻게 공감을 얻는가,비즈니스북스,빌 맥고완,2014-08-01,15000,
'9791185459028,프랑스 엄마처럼,북라이프,오드리 아쿤 ㆍ 이자벨 파요,2014-07-17,14000,
'9788997575299,당신이 원하는 기회는 아직 오지 않았다,비즈니스북스,홀름 프리베,2014-07-15,13000,
'9788997575282,질문의 힘,비즈니스북스,제임스 파일 -  메리앤 커린치,2014-07-05,15000,
'9791185459011,초등 전에 시작하는 엄마표 독서 코칭,북라이프,이정화,2014-05-30,14000,
'9788997575268,누가 내 생각을 움직이는가,비즈니스북스,노리나 허츠,2014-05-15,15000,
'9788997575251,한국의 월세 부자들,비즈니스북스,노진섭,2014-04-30,15000,
'9788997575244,엘론 머스크 -  대담한 도전,비즈니스북스,다케우치 가즈마사,2014-04-15,14000,
'9791185459004,느리게 걷는 즐거움,북라이프,다비드 르 브르통,2014-03-30,13000,
'9788997575237,스냅 SNAP,비즈니스북스,매튜 헤르텐슈타인,2014-03-15,15000,
'9788997575220,설득의 정석,비즈니스북스,황현진,2014-02-28,13500,
'9788997575213,세계 최고의 인재들은 왜 기본에 집중할까,비즈니스북스,도쓰카 다카마사,2014-02-14,13000,
'9788997575206,로지컬 씽킹의 기술,비즈니스북스,HR 인스티튜트,2014-01-21,14000,
'9788997575190,어떻게 배울 것인가,비즈니스북스,존 맥스웰,2014-01-15,15000,
'9788996687696,길위에서,북라이프,이창재,2013-12-20,14000,
'9788997575183,앞으로 5년 결정적 미래,비즈니스북스,머니투데이 특별취재팀,2013-11-25,15000,
'9788996687689,우리가 사랑이라 부르는 것들,북라이프,김현희,2013-09-30,13000,
'9788997575169,원씽 THE ONE THING,비즈니스북스,게리 켈러 -  제이 파파산,2013-08-30,14000,
'9788996687672,좋은 아빠의 자격,북라이프,서진석,2013-07-10,14000,
'9788997575145,투자와 비이성적 마인드,비즈니스북스,로버트 코펠,2013-06-20,19500,
'9788997575138,빅 픽처를 그려라,비즈니스북스,전옥표,2013-05-20,14500,
'9788997575121,한국의 100억 부자들,비즈니스북스,노진섭,2013-04-20,14000,
'9788996687665,강남엄마의 정보력,북라이프,김소희,2013-04-05,14000,
'9788997575107,마흔 -  빚 걱정 없이 살고 싶다,비즈니스북스,심효섭,2013-01-15,13800,
'9788997575084,사람은 무엇으로 성장하는가,비즈니스북스,존 맥스웰,2012-09-01,14500,
'9788997575008,존 맥스웰 리더의 조건,비즈니스북스,존 맥스웰,2012-03-05,15000,
'9788991204997,당신 -  잠시 멈춰도 괜찮아,비즈니스북스,낸스 길마틴,2012-02-20,14000,
'9788996687634,한국의 CSI,북라이프,표창원 -  유제설,2011-12-30,13800,
'9788991204874,나는 오늘도 나를 응원한다,비즈니스북스,마리사 피어,2011-06-07,13800,
'9788991204782,스티브 잡스 무한 혁신의 비밀,비즈니스북스,카민 갤로,2010-11-25,15000,
'9788991204768,존 맥스웰 리더십 불변의 법칙,비즈니스북스,존 맥스웰,2010-09-10,16800,
'9788991204751,맥스웰 몰츠 성공의 법칙 [개정판],비즈니스북스,맥스웰 몰츠,2010-08-20,15800,
'9788991204744,존 맥스웰의 위대한 영향력,비즈니스북스,존 맥스웰 -  짐 도넌,2010-07-15,13000,
'9788991204690,경영학 콘서트,비즈니스북스,장영재,2010-03-15,13800,
'9788991204676,책 읽는 CEO,비즈니스북스,김현예,2010-01-29,13000,
'9788991204645,마음을 얻는 기술,비즈니스북스,레일 라운즈,2009-12-01,13000,
'9788991204607,디지털 네이티브,비즈니스북스,돈 탭스콧,2009-10-15,25000,
'9788991204591,지력혁명 [개정판],비즈니스북스,문용린,2009-09-10,13000,
'9788991204577,독하게 승진하라,비즈니스북스,데이비드 댈러샌드로 -  미셸 오웬스,2009-08-10,13500,
'9788991204553,새로운 혁신의 시대,비즈니스북스,C. K. 프라할라드 -  M. S. 크리슈난,2009-06-20,18500,
'9788991204546,마케팅 -  명쾌함으로 승부하라,비즈니스북스,잭 트라우트,2009-05-27,13800,
'9788991204522,도요타 인재경영,비즈니스북스,제프리 라이커 -  데이비드 마이어,2009-04-30,25000,
'9788991204485,미래에 집중하라,비즈니스북스,마티아스 호르크스 외,2009-02-20,15000,
'9788991204478,존 템플턴의 가치투자 전략,비즈니스북스,로렌 템플턴 -  스콧 필립스,2009-01-15,15000,
'9788991204430,트렌드를 읽는 기술,비즈니스북스,헨릭 베일가드,2008-07-15,13500,
'9788991204409,리더십 -  성격이 결정한다,비즈니스북스,진저 래피드 보그다,2008-03-20,16500,
'9788991204379,브랜드 리더십,비즈니스북스,데이비드 아커 -  에릭 요컴스탈러,2007-10-10,30000,
'9788991204324,브랜드 매니지먼트,비즈니스북스,케빈 레인 켈러,2007-03-05,40000,
'8991204295 13,주식투자전략,비즈니스북스,존 보익,2006-11-10,15000,
'9788991204270,10일 만에 끝내는 MBA,비즈니스북스,스티븐 실비거,2006-09-25,24500,
'9788991204256,행복,비즈니스북스,스펜서 존슨,2006-07-10,10000,
'9788991204218,마케팅 전쟁 [개정판],비즈니스북스,앨 리스 -  잭 트라우트,2006-04-01,15000,
'9788991204171,새뮤얼 스마일즈의 자조론,비즈니스북스,새뮤얼 스마일즈,2006-01-05,15000,
'899120413913,랜드연구소의 기업경영 리포트,비즈니스북스,폴 라이트,2005-11-05,18000,
'9788991204096,워렌 버핏의 가치투자 전략,비즈니스북스,티머시 빅,2005-07-25,15000,
'9788991204089,조 지라드 세일즈 불변의 법칙 12,비즈니스북스,조 지라드,2005-07-01,12000,
'9788991204034,미래를 읽는 기술,비즈니스북스,피터 슈워츠,2004-12-20,13000,
'9788995274590,브랜드 포트폴리오 전략,비즈니스북스,데이비드 아커,2004-04-20,28000,
'9788995274552,인생을 최고로 사는 지혜,비즈니스북스,새뮤얼 스마일즈,2003-10-10,13000,
'899527452103,데이비드 아커의 브랜드 경영,비즈니스북스,데이비드 아커,2003-01-05,25000,
'9788995274514,설득의 법칙,비즈니스북스,로저 도슨,2002-11-20,12000,
도서개수,=COUNTA(B2..B238),
